id,ativo,setups,bem_avaliado,data_sinal,status,data_entrada,preco_entrada,quantidade,stop,alvo,tipo_alvo,data_saida,preco_saida,motivo_saida,resultado_pct,resultado_rs,niveis
2026-10-05-ABEV3,ABEV3,Cruzamento MME 9/21 + Testando suporte,True,2026-10-05,Pendente,,,,,,,,,,,,"[12.46, 13.41, 14.14, 15.23, 15.89, 16.63]"
2026-10-05-AZZA3,AZZA3,Rompimento de resistência + Testando suporte,True,2026-10-05,Pendente,,,,,,,,,,,,"[14.34, 18.3, 20.38, 21.38, 23.2, 24.46, 26.54, 27.63, 28.86]"
2026-10-05-BBSE3,BBSE3,Cruzamento MME 9/21 + Testando suporte,True,2026-10-05,Pendente,,,,,,,,,,,,"[30.57, 32.04, 33.57, 34.74, 38.04, 40.78]"
2026-10-05-EGIE3,EGIE3,Cruzamento MME 9/21 + Testando suporte,True,2026-10-05,Pendente,,,,,,,,,,,,"[26.8, 28.88, 30.29, 31.24, 33.22, 34.12]"
2026-10-05-GGBR4,GGBR4,Cruzamento MME 9/21 + Testando suporte,True,2026-10-05,Pendente,,,,,,,,,,,,"[21.74, 22.35, 24.06, 26.23]"
2026-10-05-HAPV3,HAPV3,Cruzamento MME 9/21 + Rompimento de resistência + Testando suporte,True,2026-10-05,Pendente,,,,,,,,,,,,"[6.95, 9.9, 10.89, 11.66, 12.21, 12.81, 14.4, 15.54, 16.71]"
2026-10-05-MBRF3,MBRF3,Cruzamento MACD + Testando suporte,True,2026-10-05,Pendente,,,,,,,,,,,,"[14.63, 15.08, 16.25, 18.04, 18.44, 19.0, 19.74, 20.3, 22.63]"
2026-10-05-MRVE3,MRVE3,Cruzamento MME 9/21 + Testando suporte,True,2026-10-05,Pendente,,,,,,,,,,,,"[4.36, 4.87, 5.96, 6.11, 6.61, 7.16, 8.5, 9.5]"
2026-10-05-PCAR3,PCAR3,Rompimento de resistência + Testando suporte,True,2026-10-05,Pendente,,,,,,,,,,,,"[2.27, 2.55, 2.81, 3.06, 3.36, 3.54, 3.93, 4.13]"
2026-10-05-POMO4,POMO4,Cruzamento MACD + Testando suporte,True,2026-10-05,Pendente,,,,,,,,,,,,"[3.93, 5.3, 5.48, 5.87, 6.41, 6.81, 6.98]"
2026-10-05-PSSA3,PSSA3,Cruzamento MACD + Cruzamento MME 9/21 + Rompimento de resistência,True,2026-10-05,Pendente,,,,,,,,,,,,"[42.92, 45.51, 47.25, 48.72, 51.11, 54.77]"
2026-10-05-RADL3,RADL3,Cruzamento MME 9/21 + Rompimento de resistência,True,2026-10-05,Pendente,,,,,,,,,,,,"[16.16, 17.02, 17.62, 19.05, 20.83, 22.0, 23.01, 24.5]"
2026-10-05-SMFT3,SMFT3,Cruzamento MME 9/21 + Testando suporte,True,2026-10-05,Pendente,,,,,,,,,,,,"[16.48, 17.95, 19.49, 20.28, 21.17, 22.34, 22.99, 25.2]"
2026-10-05-TIMS3,TIMS3,Cruzamento MACD + Testando suporte,True,2026-10-05,Pendente,,,,,,,,,,,,"[17.77, 20.72, 21.5, 22.57, 23.77, 25.14, 25.82, 27.86]"
2026-10-05-USIM5,USIM5,Cruzamento MACD + Cruzamento MME 9/21,True,2026-10-05,Pendente,,,,,,,,,,,,"[5.75, 6.04, 6.87, 7.14, 7.76, 8.1, 8.85]"
2026-10-05-VIVT3,VIVT3,Cruzamento MACD + Cruzamento MME 9/21,True,2026-10-05,Pendente,,,,,,,,,,,,"[28.79, 29.87, 30.93, 31.85, 32.94, 33.73, 36.03, 37.3, 38.17, 40.58]"
